Model,MSE,R2
Linear Regression,24.291119474973478,0.6687594935356326
Ridge Regression,24.477191227708655,0.6662221670168522
Random Forest,7.901513892156864,0.8922527442109116
